{
	"total_volume_usd": 1880931.5422747298,
	"4qWKgdUQTfV771dxKp2HeBqEzTXEKW7agijrfDfpsXPC": 1610314.3684553525,
	"HdxkiXqeN6qpK2YbG51W23QSWj3Yygc1eEk2zwmKJExp": 270617.1738193777
}
